Name,Price,Rating
Samsung Galaxy S21 5G 128GB G991U Unlocked - Very Good,$174.99,No rating
Samsung Galaxy S21 Ultra 5G 128GB G998U Unlocked - Good,$232.99,No rating
Samsung Galaxy S21 Ultra 5G 128GB G998U Unlocked - Excellent,$264.99,No rating
Samsung Galaxy S21 5G 128GB G991U Unlocked - Good,$164.99,No rating
New ListingiPhone 14 Pro Max 256GB Deep Purple Unlocked Good Condition Model MQ8W3LL/A,$186.00,No rating
Apple iPhone 15 Pro Max - 256 GB - Black (AT&T),$190.00,No rating
Apple iPhone 12 Pro Max - 128GB - Blue (AT&T/Cricket ONLY) - Good Condition,$119.00,No rating
SAMSUNG Galaxy Z Fold5 Factory Unlocked 256GB Phantom Blue SM-F946U1,$446.00,No rating
Apple iPhone 15 Plus - 128 GB - Pink (Verizon),$188.00,No rating
"Global Version POCO X6 Pro 5G Smartphone 12GB 512GB 6.67"" 120Hz AMOLED Display",$117.59to$150.00,No rating
"New Xiaomi Redmi Note 13 Pro 5G Smartphone 16GB 512GB Android 6.67"" Global Rom",$107.08to$164.22,No rating
Panasonic Docomo P-01E Japanese Flip Phone Keitai Garakei Used Working Japan,$51.98to$77.99,No rating
New ListingRare Vintage Motorola C359v Phone Pink ASIA Butterfly In Box Complete Collector,$9.99,No rating
Google Pixel 7 Pro 256GB Unlocked - Very Good,$264.99,No rating
Samsung Galaxy Z Flip4 SM-F721B Unlocked smartphone 128g Little black dot,$161.50,No rating
Samsung Galaxy S21 Ultra 5G 128GB G998U Unlocked - Very Good,$249.99,No rating
Working well Apple iPhone 5 5c 5s 8/16/32/64GB All colours Fully UNLOCKED Good!!,$28.91to$95.91,No rating
New ListingGEM PH-2 Android Yellow *Very Rare Collectors Phone*- Unreleased Essential *Read,$900.00,No rating
NEW Smartphone TESLA in sealed Box| unlocked samartphone unopened | Rugged Phone,$524.99,No rating
üì± Apple iPhone 5C 8/16/32GB - Unlocked Multiple Colors Grade A IOS10üì±,$25.00to$31.00,No rating
SHARP AQUOS Keitai 601SH White Softbank Unlocked SIM Free 4G Android Tested,$174.47,No rating
Samsung Galaxy Folder2 32G SM-G160N Unlocked LTE 2021.ver,$133.00to$148.00,No rating
Global Version Nubia Z70 Ultra Snapdragon 8 Elite Full screen with Under Display,$815.00to$923.00,No rating
Samsung Galaxy Z Fold 6 Special Edition Unlocked Black Shadow,"$2,975.00",No rating
Unlocked Original Motorola RAZR V3 GSM 2G MP4Java CAMERA Retro Flip Mobile Phone,$31.87to$33.75,No rating
Google Pixel 8 128GB Black - Unlocked - Original Open Box,$329.99,No rating
Original&Working Apple iPhone 1st gen(iPhone 2G) UNLOCKED 4/8/16GB A1203 3.5'',$88.29to$259.29,No rating
New ListingApple iPhone 5s - 16 GB - Gray (Unlocked) $21.00,$21.00,No rating
Google Pixel 7 Pro 256GB Unlocked - Excellent,$284.99,No rating
New ListingApple iPhone 14 - 128GB - Black (Unlocked) Plus Extras,$475.00,No rating
Samsung Galaxy S21+ 5G 128GB G996U Unlocked - Excellent,$217.99,No rating
Apple iPhone 12 mini - 128 GB - Blue (Unlocked) - Fair Condition,$174.99,No rating
SHARP AQUOS Keitai 3 flip phone 805SH 806SH Softbank Unlocked White SIM Free,$88.55,No rating
KYOCERA 701KC DIGNO KEITAI 2 Android Flip Phone White Sim Unlocked Japan C,$78.00,No rating
Samsung Galaxy S22 SM-S901U Unlocked 128GB Phantom Black Good,$192.99,No rating
Motorola Moto G 5G (2024) XT2417-4 Unlocked (Any Carrier) 128GB 50MP SmartPhone,$114.99,No rating
FOR PARTS - Samsung Galaxy Z Fold3 5G F926U Black 512 GB (Unlocked Verizon),$122.00,No rating
90%N ew Apple iphone 5c  Green 8-16-32GB Fully UNlocked(any carrier) Good,$29.92to$35.92,No rating
‚úÖKyocera DuraForce PRO 2 E6910 Verizon Unlocked Rugged 64GB Android Smartphone‚úÖ‚úÖ,$124.99,No rating
New ListingXiaomi Redmi Note 5 Black 64GB plastik smartphone brand original dual camera sim,$49.99,No rating
Apple iPhone 5 16GB/32GB/64GB Black/White Fully unlocked rare ios 6,$38.02to$66.02,No rating
BRAND NEW Samsung Galaxy A15 5G - 64GB - Black (T-Mobile) ONLY,$99.99,No rating
[Mint] KYOCERA 902KC/903KC DIGNO KEITAI 3 Android Flip Phone pink Unlocked,$199.00,No rating
Apple iPhone SE 1st gen(2016)16/32/64/128GB Fully UNLOCKED Gray/Silver/Gold/Pink,$65.96to$115.96,No rating
Flip Phone Logic Z1L 4G LTE Unlocked Desbloqueado Dual Sim Camera Bluetooth New,$44.99,No rating
For i16Pro Mini Unlocked Flip Mobile Phone 2 SIM Card Small Display Foldable New,$35.25,No rating
KYOCERA 701KC Black DIGNO KEITAI 2 Android Flip Phone Black SIM Unlocked Japan,$51.79,No rating
Motorola RAZR Boost Mobile 5G 2024 256GB (Brand new-Sealed) Koala Grey,$289.99,No rating
ALT MIVE Style Folder 32GB AT-M120 Unlocked LTE/3G - Whtie,$188.00,No rating
H5169Z Docomo Foma P-01B Panasonic Flip Phone/Mobile Phone/Panasonic/ Simple Op,$87.68,No rating
Sealed Grade A+Apple iPhone 4s 32GB Black/White Fully Unlocked(any carrier)3.5'',$46.92to$51.92,No rating
Apple iPhone 16 A3081 Unlocked 128GB Ultramarine Excellent,$739.99,No rating
PINK SHARP SH-01J AQUOS KEITAI 2 JAPAN ANDROID FLIP PHONE UNLOCKED 601SH,$135.99,No rating
New Sealed Samsung Galaxy S21 FE 6.4‚Äù 5G 128GB 6GB Verizon SM-G990UZAAVZW,$199.99,No rating
Original New Nokia Lumia 1020 32GB 41MP Dual Core 4G Unlocked Windows Smartphone,$79.98,No rating
PHONE 2024 Android Cheap Cell Phone Unlocked Smartphone Dual SIM Quad Core GPS,$59.99,No rating
"HTC One M8, Glacial Silver 32GB (AT&T) Sealed Brand New In Box",$61.99,No rating
KYOCERA 902KC DIGNO KEITAI 3 ANDROID FLIP PHONE Silver UNLOCKED Sim Free From JP,$112.48,No rating
Samsung Galaxy Note 9  128GB SM-N960U1  - Brand New,$199.00,No rating
Apple iPhone SE (3rd Generation) 64GB Unlocked - Excellent,$174.99,No rating
Samsung Galaxy S21 5G 128GB G991U Unlocked - Very Good,$174.99,No rating
Samsung Galaxy S21 Ultra 5G 128GB G998U Unlocked - Good,$232.99,No rating
Samsung Galaxy S21 Ultra 5G 128GB G998U Unlocked - Excellent,$264.99,No rating
Samsung Galaxy S21 5G 128GB G991U Unlocked - Good,$164.99,No rating
New ListingiPhone 14 Pro Max 256GB Deep Purple Unlocked Good Condition Model MQ8W3LL/A,$186.00,No rating
Apple iPhone 15 Pro Max - 256 GB - Black (AT&T),$190.00,No rating
Apple iPhone 12 Pro Max - 128GB - Blue (AT&T/Cricket ONLY) - Good Condition,$119.00,No rating
SAMSUNG Galaxy Z Fold5 Factory Unlocked 256GB Phantom Blue SM-F946U1,$446.00,No rating
Apple iPhone 15 Plus - 128 GB - Pink (Verizon),$188.00,No rating
"Global Version POCO X6 Pro 5G Smartphone 12GB 512GB 6.67"" 120Hz AMOLED Display",$117.59to$150.00,No rating
"New Xiaomi Redmi Note 13 Pro 5G Smartphone 16GB 512GB Android 6.67"" Global Rom",$107.08to$164.22,No rating
Panasonic Docomo P-01E Japanese Flip Phone Keitai Garakei Used Working Japan,$51.98to$77.99,No rating
New ListingRare Vintage Motorola C359v Phone Pink ASIA Butterfly In Box Complete Collector,$9.99,No rating
Google Pixel 7 Pro 256GB Unlocked - Very Good,$264.99,No rating
Samsung Galaxy Z Flip4 SM-F721B Unlocked smartphone 128g Little black dot,$161.50,No rating
Samsung Galaxy S21 Ultra 5G 128GB G998U Unlocked - Very Good,$249.99,No rating
Working well Apple iPhone 5 5c 5s 8/16/32/64GB All colours Fully UNLOCKED Good!!,$28.91to$95.91,No rating
New ListingGEM PH-2 Android Yellow *Very Rare Collectors Phone*- Unreleased Essential *Read,$900.00,No rating
NEW Smartphone TESLA in sealed Box| unlocked samartphone unopened | Rugged Phone,$524.99,No rating
üì± Apple iPhone 5C 8/16/32GB - Unlocked Multiple Colors Grade A IOS10üì±,$25.00to$31.00,No rating
SHARP AQUOS Keitai 601SH White Softbank Unlocked SIM Free 4G Android Tested,$174.47,No rating
Samsung Galaxy Folder2 32G SM-G160N Unlocked LTE 2021.ver,$133.00to$148.00,No rating
Global Version Nubia Z70 Ultra Snapdragon 8 Elite Full screen with Under Display,$815.00to$923.00,No rating
Samsung Galaxy Z Fold 6 Special Edition Unlocked Black Shadow,"$2,975.00",No rating
Unlocked Original Motorola RAZR V3 GSM 2G MP4Java CAMERA Retro Flip Mobile Phone,$31.87to$33.75,No rating
Google Pixel 8 128GB Black - Unlocked - Original Open Box,$329.99,No rating
FOR PARTS - Samsung Galaxy Z Fold3 5G F926U Black 512 GB (Unlocked Verizon),$122.00,No rating
Original&Working Apple iPhone 1st gen(iPhone 2G) UNLOCKED 4/8/16GB A1203 3.5'',$88.29to$259.29,No rating
Google Pixel 7 Pro 256GB Unlocked - Excellent,$284.99,No rating
New ListingApple iPhone 14 - 128GB - Black (Unlocked) Plus Extras,$475.00,No rating
Samsung Galaxy S21+ 5G 128GB G996U Unlocked - Excellent,$217.99,No rating
Apple iPhone 12 mini - 128 GB - Blue (Unlocked) - Fair Condition,$174.99,No rating
New ListingApple iPhone 5s - 16 GB - Gray (Unlocked) $21.00,$21.00,No rating
SHARP AQUOS Keitai 3 flip phone 805SH 806SH Softbank Unlocked White SIM Free,$88.55,No rating
KYOCERA 701KC DIGNO KEITAI 2 Android Flip Phone White Sim Unlocked Japan C,$78.00,No rating
Samsung Galaxy S22 SM-S901U Unlocked 128GB Phantom Black Good,$192.99,No rating
Motorola Moto G 5G (2024) XT2417-4 Unlocked (Any Carrier) 128GB 50MP SmartPhone,$114.99,No rating
90%N ew Apple iphone 5c  Green 8-16-32GB Fully UNlocked(any carrier) Good,$29.92to$35.92,No rating
‚úÖKyocera DuraForce PRO 2 E6910 Verizon Unlocked Rugged 64GB Android Smartphone‚úÖ‚úÖ,$124.99,No rating
New ListingXiaomi Redmi Note 5 Black 64GB plastik smartphone brand original dual camera sim,$49.99,No rating
Apple iPhone 5 16GB/32GB/64GB Black/White Fully unlocked rare ios 6,$38.02to$66.02,No rating
BRAND NEW Samsung Galaxy A15 5G - 64GB - Black (T-Mobile) ONLY,$99.99,No rating
[Mint] KYOCERA 902KC/903KC DIGNO KEITAI 3 Android Flip Phone pink Unlocked,$199.00,No rating
Apple iPhone SE 1st gen(2016)16/32/64/128GB Fully UNLOCKED Gray/Silver/Gold/Pink,$65.96to$115.96,No rating
Motorola RAZR Boost Mobile 5G 2024 256GB (Brand new-Sealed) Koala Grey,$289.99,No rating
Flip Phone Logic Z1L 4G LTE Unlocked Desbloqueado Dual Sim Camera Bluetooth New,$44.99,No rating
For i16Pro Mini Unlocked Flip Mobile Phone 2 SIM Card Small Display Foldable New,$35.25,No rating
KYOCERA 701KC Black DIGNO KEITAI 2 Android Flip Phone Black SIM Unlocked Japan,$51.79,No rating
ALT MIVE Style Folder 32GB AT-M120 Unlocked LTE/3G - Whtie,$188.00,No rating
H5169Z Docomo Foma P-01B Panasonic Flip Phone/Mobile Phone/Panasonic/ Simple Op,$87.68,No rating
Sealed Grade A+Apple iPhone 4s 32GB Black/White Fully Unlocked(any carrier)3.5'',$46.92to$51.92,No rating
Apple iPhone 16 A3081 Unlocked 128GB Ultramarine Excellent,$739.99,No rating
PINK SHARP SH-01J AQUOS KEITAI 2 JAPAN ANDROID FLIP PHONE UNLOCKED 601SH,$135.99,No rating
New Sealed Samsung Galaxy S21 FE 6.4‚Äù 5G 128GB 6GB Verizon SM-G990UZAAVZW,$199.99,No rating
Original New Nokia Lumia 1020 32GB 41MP Dual Core 4G Unlocked Windows Smartphone,$79.98,No rating
"HTC One M8, Glacial Silver 32GB (AT&T) Sealed Brand New In Box",$61.99,No rating
PHONE 2024 Android Cheap Cell Phone Unlocked Smartphone Dual SIM Quad Core GPS,$59.99,No rating
KYOCERA 902KC DIGNO KEITAI 3 ANDROID FLIP PHONE Silver UNLOCKED Sim Free From JP,$112.48,No rating
Samsung Galaxy Note 9  128GB SM-N960U1  - Brand New,$199.00,No rating
Apple iPhone SE (3rd Generation) 64GB Unlocked - Excellent,$174.99,No rating
Samsung Galaxy S21 5G 128GB G991U Unlocked - Very Good,$174.99,No rating
Samsung Galaxy S21 Ultra 5G 128GB G998U Unlocked - Good,$232.99,No rating
Samsung Galaxy S21 Ultra 5G 128GB G998U Unlocked - Excellent,$264.99,No rating
Samsung Galaxy S21 5G 128GB G991U Unlocked - Good,$164.99,No rating
New ListingiPhone 14 Pro Max 256GB Deep Purple Unlocked Good Condition Model MQ8W3LL/A,$186.00,No rating
Apple iPhone 15 Pro Max - 256 GB - Black (AT&T),$190.00,No rating
Apple iPhone 12 Pro Max - 128GB - Blue (AT&T/Cricket ONLY) - Good Condition,$119.00,No rating
SAMSUNG Galaxy Z Fold5 Factory Unlocked 256GB Phantom Blue SM-F946U1,$446.00,No rating
Apple iPhone 15 Plus - 128 GB - Pink (Verizon),$188.00,No rating
"Global Version POCO X6 Pro 5G Smartphone 12GB 512GB 6.67"" 120Hz AMOLED Display",$117.59to$150.00,No rating
"New Xiaomi Redmi Note 13 Pro 5G Smartphone 16GB 512GB Android 6.67"" Global Rom",$107.08to$164.22,No rating
Panasonic Docomo P-01E Japanese Flip Phone Keitai Garakei Used Working Japan,$51.98to$77.99,No rating
New ListingRare Vintage Motorola C359v Phone Pink ASIA Butterfly In Box Complete Collector,$9.99,No rating
Google Pixel 7 Pro 256GB Unlocked - Very Good,$264.99,No rating
Samsung Galaxy Z Flip4 SM-F721B Unlocked smartphone 128g Little black dot,$161.50,No rating
Samsung Galaxy S21 Ultra 5G 128GB G998U Unlocked - Very Good,$249.99,No rating
Working well Apple iPhone 5 5c 5s 8/16/32/64GB All colours Fully UNLOCKED Good!!,$28.91to$95.91,No rating
New ListingGEM PH-2 Android Yellow *Very Rare Collectors Phone*- Unreleased Essential *Read,$900.00,No rating
NEW Smartphone TESLA in sealed Box| unlocked samartphone unopened | Rugged Phone,$524.99,No rating
üì± Apple iPhone 5C 8/16/32GB - Unlocked Multiple Colors Grade A IOS10üì±,$25.00to$31.00,No rating
SHARP AQUOS Keitai 601SH White Softbank Unlocked SIM Free 4G Android Tested,$174.47,No rating
Samsung Galaxy Folder2 32G SM-G160N Unlocked LTE 2021.ver,$133.00to$148.00,No rating
Global Version Nubia Z70 Ultra Snapdragon 8 Elite Full screen with Under Display,$815.00to$923.00,No rating
Samsung Galaxy Z Fold 6 Special Edition Unlocked Black Shadow,"$2,975.00",No rating
Unlocked Original Motorola RAZR V3 GSM 2G MP4Java CAMERA Retro Flip Mobile Phone,$31.87to$33.75,No rating
Google Pixel 8 128GB Black - Unlocked - Original Open Box,$329.99,No rating
FOR PARTS - Samsung Galaxy Z Fold3 5G F926U Black 512 GB (Unlocked Verizon),$122.00,No rating
Original&Working Apple iPhone 1st gen(iPhone 2G) UNLOCKED 4/8/16GB A1203 3.5'',$88.29to$259.29,No rating
Google Pixel 7 Pro 256GB Unlocked - Excellent,$284.99,No rating
New ListingApple iPhone 14 - 128GB - Black (Unlocked) Plus Extras,$475.00,No rating
Samsung Galaxy S21+ 5G 128GB G996U Unlocked - Excellent,$217.99,No rating
Apple iPhone 12 mini - 128 GB - Blue (Unlocked) - Fair Condition,$174.99,No rating
New ListingApple iPhone 5s - 16 GB - Gray (Unlocked) $21.00,$21.00,No rating
SHARP AQUOS Keitai 3 flip phone 805SH 806SH Softbank Unlocked White SIM Free,$88.55,No rating
KYOCERA 701KC DIGNO KEITAI 2 Android Flip Phone White Sim Unlocked Japan C,$78.00,No rating
Samsung Galaxy S22 SM-S901U Unlocked 128GB Phantom Black Good,$192.99,No rating
Motorola Moto G 5G (2024) XT2417-4 Unlocked (Any Carrier) 128GB 50MP SmartPhone,$114.99,No rating
90%N ew Apple iphone 5c  Green 8-16-32GB Fully UNlocked(any carrier) Good,$29.92to$35.92,No rating
‚úÖKyocera DuraForce PRO 2 E6910 Verizon Unlocked Rugged 64GB Android Smartphone‚úÖ‚úÖ,$124.99,No rating
New ListingXiaomi Redmi Note 5 Black 64GB plastik smartphone brand original dual camera sim,$49.99,No rating
Apple iPhone 5 16GB/32GB/64GB Black/White Fully unlocked rare ios 6,$38.02to$66.02,No rating
BRAND NEW Samsung Galaxy A15 5G - 64GB - Black (T-Mobile) ONLY,$99.99,No rating
[Mint] KYOCERA 902KC/903KC DIGNO KEITAI 3 Android Flip Phone pink Unlocked,$199.00,No rating
Apple iPhone SE 1st gen(2016)16/32/64/128GB Fully UNLOCKED Gray/Silver/Gold/Pink,$65.96to$115.96,No rating
Flip Phone Logic Z1L 4G LTE Unlocked Desbloqueado Dual Sim Camera Bluetooth New,$44.99,No rating
For i16Pro Mini Unlocked Flip Mobile Phone 2 SIM Card Small Display Foldable New,$35.25,No rating
KYOCERA 701KC Black DIGNO KEITAI 2 Android Flip Phone Black SIM Unlocked Japan,$51.79,No rating
Motorola RAZR Boost Mobile 5G 2024 256GB (Brand new-Sealed) Koala Grey,$289.99,No rating
ALT MIVE Style Folder 32GB AT-M120 Unlocked LTE/3G - Whtie,$188.00,No rating
H5169Z Docomo Foma P-01B Panasonic Flip Phone/Mobile Phone/Panasonic/ Simple Op,$87.68,No rating
Sealed Grade A+Apple iPhone 4s 32GB Black/White Fully Unlocked(any carrier)3.5'',$46.92to$51.92,No rating
Apple iPhone 16 A3081 Unlocked 128GB Ultramarine Excellent,$739.99,No rating
PINK SHARP SH-01J AQUOS KEITAI 2 JAPAN ANDROID FLIP PHONE UNLOCKED 601SH,$135.99,No rating
New Sealed Samsung Galaxy S21 FE 6.4‚Äù 5G 128GB 6GB Verizon SM-G990UZAAVZW,$199.99,No rating
Original New Nokia Lumia 1020 32GB 41MP Dual Core 4G Unlocked Windows Smartphone,$79.98,No rating
PHONE 2024 Android Cheap Cell Phone Unlocked Smartphone Dual SIM Quad Core GPS,$59.99,No rating
"HTC One M8, Glacial Silver 32GB (AT&T) Sealed Brand New In Box",$61.99,No rating
KYOCERA 902KC DIGNO KEITAI 3 ANDROID FLIP PHONE Silver UNLOCKED Sim Free From JP,$112.48,No rating
Samsung Galaxy Note 9  128GB SM-N960U1  - Brand New,$199.00,No rating
Apple iPhone SE (3rd Generation) 64GB Unlocked - Excellent,$174.99,No rating
Samsung Galaxy S21 5G 128GB G991U Unlocked - Very Good,$174.99,No rating
Samsung Galaxy S21 Ultra 5G 128GB G998U Unlocked - Good,$232.99,No rating
Samsung Galaxy S21 Ultra 5G 128GB G998U Unlocked - Excellent,$264.99,No rating
Samsung Galaxy S21 5G 128GB G991U Unlocked - Good,$164.99,No rating
New ListingiPhone 14 Pro Max 256GB Deep Purple Unlocked Good Condition Model MQ8W3LL/A,$186.00,No rating
Apple iPhone 15 Pro Max - 256 GB - Black (AT&T),$190.00,No rating
Apple iPhone 12 Pro Max - 128GB - Blue (AT&T/Cricket ONLY) - Good Condition,$119.00,No rating
SAMSUNG Galaxy Z Fold5 Factory Unlocked 256GB Phantom Blue SM-F946U1,$446.00,No rating
Apple iPhone 15 Plus - 128 GB - Pink (Verizon),$188.00,No rating
"Global Version POCO X6 Pro 5G Smartphone 12GB 512GB 6.67"" 120Hz AMOLED Display",$117.59to$150.00,No rating
"New Xiaomi Redmi Note 13 Pro 5G Smartphone 16GB 512GB Android 6.67"" Global Rom",$107.08to$164.22,No rating
Panasonic Docomo P-01E Japanese Flip Phone Keitai Garakei Used Working Japan,$51.98to$77.99,No rating
New ListingRare Vintage Motorola C359v Phone Pink ASIA Butterfly In Box Complete Collector,$9.99,No rating
Google Pixel 7 Pro 256GB Unlocked - Very Good,$264.99,No rating
Samsung Galaxy Z Flip4 SM-F721B Unlocked smartphone 128g Little black dot,$161.50,No rating
Samsung Galaxy S21 Ultra 5G 128GB G998U Unlocked - Very Good,$249.99,No rating
Working well Apple iPhone 5 5c 5s 8/16/32/64GB All colours Fully UNLOCKED Good!!,$28.91to$95.91,No rating
New ListingGEM PH-2 Android Yellow *Very Rare Collectors Phone*- Unreleased Essential *Read,$900.00,No rating
NEW Smartphone TESLA in sealed Box| unlocked samartphone unopened | Rugged Phone,$524.99,No rating
üì± Apple iPhone 5C 8/16/32GB - Unlocked Multiple Colors Grade A IOS10üì±,$25.00to$31.00,No rating
SHARP AQUOS Keitai 601SH White Softbank Unlocked SIM Free 4G Android Tested,$174.47,No rating
Samsung Galaxy Folder2 32G SM-G160N Unlocked LTE 2021.ver,$133.00to$148.00,No rating
Global Version Nubia Z70 Ultra Snapdragon 8 Elite Full screen with Under Display,$815.00to$923.00,No rating
Samsung Galaxy Z Fold 6 Special Edition Unlocked Black Shadow,"$2,975.00",No rating
Unlocked Original Motorola RAZR V3 GSM 2G MP4Java CAMERA Retro Flip Mobile Phone,$31.87to$33.75,No rating
Google Pixel 8 128GB Black - Unlocked - Original Open Box,$329.99,No rating
FOR PARTS - Samsung Galaxy Z Fold3 5G F926U Black 512 GB (Unlocked Verizon),$122.00,No rating
Original&Working Apple iPhone 1st gen(iPhone 2G) UNLOCKED 4/8/16GB A1203 3.5'',$88.29to$259.29,No rating
Google Pixel 7 Pro 256GB Unlocked - Excellent,$284.99,No rating
New ListingApple iPhone 14 - 128GB - Black (Unlocked) Plus Extras,$475.00,No rating
Samsung Galaxy S21+ 5G 128GB G996U Unlocked - Excellent,$217.99,No rating
Apple iPhone 12 mini - 128 GB - Blue (Unlocked) - Fair Condition,$174.99,No rating
New ListingApple iPhone 5s - 16 GB - Gray (Unlocked) $21.00,$21.00,No rating
SHARP AQUOS Keitai 3 flip phone 805SH 806SH Softbank Unlocked White SIM Free,$88.55,No rating
KYOCERA 701KC DIGNO KEITAI 2 Android Flip Phone White Sim Unlocked Japan C,$78.00,No rating
Samsung Galaxy S22 SM-S901U Unlocked 128GB Phantom Black Good,$192.99,No rating
Motorola Moto G 5G (2024) XT2417-4 Unlocked (Any Carrier) 128GB 50MP SmartPhone,$114.99,No rating
90%N ew Apple iphone 5c  Green 8-16-32GB Fully UNlocked(any carrier) Good,$29.92to$35.92,No rating
‚úÖKyocera DuraForce PRO 2 E6910 Verizon Unlocked Rugged 64GB Android Smartphone‚úÖ‚úÖ,$124.99,No rating
New ListingXiaomi Redmi Note 5 Black 64GB plastik smartphone brand original dual camera sim,$49.99,No rating
Apple iPhone 5 16GB/32GB/64GB Black/White Fully unlocked rare ios 6,$38.02to$66.02,No rating
BRAND NEW Samsung Galaxy A15 5G - 64GB - Black (T-Mobile) ONLY,$99.99,No rating
[Mint] KYOCERA 902KC/903KC DIGNO KEITAI 3 Android Flip Phone pink Unlocked,$199.00,No rating
Apple iPhone SE 1st gen(2016)16/32/64/128GB Fully UNLOCKED Gray/Silver/Gold/Pink,$65.96to$115.96,No rating
Motorola RAZR Boost Mobile 5G 2024 256GB (Brand new-Sealed) Koala Grey,$289.99,No rating
Flip Phone Logic Z1L 4G LTE Unlocked Desbloqueado Dual Sim Camera Bluetooth New,$44.99,No rating
For i16Pro Mini Unlocked Flip Mobile Phone 2 SIM Card Small Display Foldable New,$35.25,No rating
KYOCERA 701KC Black DIGNO KEITAI 2 Android Flip Phone Black SIM Unlocked Japan,$51.79,No rating
ALT MIVE Style Folder 32GB AT-M120 Unlocked LTE/3G - Whtie,$188.00,No rating
H5169Z Docomo Foma P-01B Panasonic Flip Phone/Mobile Phone/Panasonic/ Simple Op,$87.68,No rating
Sealed Grade A+Apple iPhone 4s 32GB Black/White Fully Unlocked(any carrier)3.5'',$46.92to$51.92,No rating
Apple iPhone 16 A3081 Unlocked 128GB Ultramarine Excellent,$739.99,No rating
PINK SHARP SH-01J AQUOS KEITAI 2 JAPAN ANDROID FLIP PHONE UNLOCKED 601SH,$135.99,No rating
New Sealed Samsung Galaxy S21 FE 6.4‚Äù 5G 128GB 6GB Verizon SM-G990UZAAVZW,$199.99,No rating
Original New Nokia Lumia 1020 32GB 41MP Dual Core 4G Unlocked Windows Smartphone,$79.98,No rating
"HTC One M8, Glacial Silver 32GB (AT&T) Sealed Brand New In Box",$61.99,No rating
PHONE 2024 Android Cheap Cell Phone Unlocked Smartphone Dual SIM Quad Core GPS,$59.99,No rating
KYOCERA 902KC DIGNO KEITAI 3 ANDROID FLIP PHONE Silver UNLOCKED Sim Free From JP,$112.48,No rating
Samsung Galaxy Note 9  128GB SM-N960U1  - Brand New,$199.00,No rating
Apple iPhone SE (3rd Generation) 64GB Unlocked - Excellent,$174.99,No rating
Samsung Galaxy S21 5G 128GB G991U Unlocked - Very Good,$174.99,No rating
Samsung Galaxy S21 Ultra 5G 128GB G998U Unlocked - Good,$232.99,No rating
Samsung Galaxy S21 Ultra 5G 128GB G998U Unlocked - Excellent,$264.99,No rating
Samsung Galaxy S21 5G 128GB G991U Unlocked - Good,$164.99,No rating
New ListingiPhone 14 Pro Max 256GB Deep Purple Unlocked Good Condition Model MQ8W3LL/A,$186.00,No rating
Apple iPhone 15 Pro Max - 256 GB - Black (AT&T),$190.00,No rating
Apple iPhone 12 Pro Max - 128GB - Blue (AT&T/Cricket ONLY) - Good Condition,$119.00,No rating
SAMSUNG Galaxy Z Fold5 Factory Unlocked 256GB Phantom Blue SM-F946U1,$446.00,No rating
Apple iPhone 15 Plus - 128 GB - Pink (Verizon),$188.00,No rating
"Global Version POCO X6 Pro 5G Smartphone 12GB 512GB 6.67"" 120Hz AMOLED Display",$117.59to$150.00,No rating
"New Xiaomi Redmi Note 13 Pro 5G Smartphone 16GB 512GB Android 6.67"" Global Rom",$107.08to$164.22,No rating
Panasonic Docomo P-01E Japanese Flip Phone Keitai Garakei Used Working Japan,$51.98to$77.99,No rating
New ListingRare Vintage Motorola C359v Phone Pink ASIA Butterfly In Box Complete Collector,$9.99,No rating
Google Pixel 7 Pro 256GB Unlocked - Very Good,$264.99,No rating
Samsung Galaxy Z Flip4 SM-F721B Unlocked smartphone 128g Little black dot,$161.50,No rating
Samsung Galaxy S21 Ultra 5G 128GB G998U Unlocked - Very Good,$249.99,No rating
Working well Apple iPhone 5 5c 5s 8/16/32/64GB All colours Fully UNLOCKED Good!!,$28.91to$95.91,No rating
New ListingGEM PH-2 Android Yellow *Very Rare Collectors Phone*- Unreleased Essential *Read,$900.00,No rating
NEW Smartphone TESLA in sealed Box| unlocked samartphone unopened | Rugged Phone,$524.99,No rating
üì± Apple iPhone 5C 8/16/32GB - Unlocked Multiple Colors Grade A IOS10üì±,$25.00to$31.00,No rating
SHARP AQUOS Keitai 601SH White Softbank Unlocked SIM Free 4G Android Tested,$174.47,No rating
Samsung Galaxy Folder2 32G SM-G160N Unlocked LTE 2021.ver,$133.00to$148.00,No rating
Global Version Nubia Z70 Ultra Snapdragon 8 Elite Full screen with Under Display,$815.00to$923.00,No rating
Samsung Galaxy Z Fold 6 Special Edition Unlocked Black Shadow,"$2,975.00",No rating
Unlocked Original Motorola RAZR V3 GSM 2G MP4Java CAMERA Retro Flip Mobile Phone,$31.87to$33.75,No rating
Google Pixel 8 128GB Black - Unlocked - Original Open Box,$329.99,No rating
FOR PARTS - Samsung Galaxy Z Fold3 5G F926U Black 512 GB (Unlocked Verizon),$122.00,No rating
Original&Working Apple iPhone 1st gen(iPhone 2G) UNLOCKED 4/8/16GB A1203 3.5'',$88.29to$259.29,No rating
Google Pixel 7 Pro 256GB Unlocked - Excellent,$284.99,No rating
New ListingApple iPhone 14 - 128GB - Black (Unlocked) Plus Extras,$475.00,No rating
Samsung Galaxy S21+ 5G 128GB G996U Unlocked - Excellent,$217.99,No rating
Apple iPhone 12 mini - 128 GB - Blue (Unlocked) - Fair Condition,$174.99,No rating
New ListingApple iPhone 5s - 16 GB - Gray (Unlocked) $21.00,$21.00,No rating
SHARP AQUOS Keitai 3 flip phone 805SH 806SH Softbank Unlocked White SIM Free,$88.55,No rating
KYOCERA 701KC DIGNO KEITAI 2 Android Flip Phone White Sim Unlocked Japan C,$78.00,No rating
Samsung Galaxy S22 SM-S901U Unlocked 128GB Phantom Black Good,$192.99,No rating
Motorola Moto G 5G (2024) XT2417-4 Unlocked (Any Carrier) 128GB 50MP SmartPhone,$114.99,No rating
90%N ew Apple iphone 5c  Green 8-16-32GB Fully UNlocked(any carrier) Good,$29.92to$35.92,No rating
‚úÖKyocera DuraForce PRO 2 E6910 Verizon Unlocked Rugged 64GB Android Smartphone‚úÖ‚úÖ,$124.99,No rating
New ListingXiaomi Redmi Note 5 Black 64GB plastik smartphone brand original dual camera sim,$49.99,No rating
Apple iPhone 5 16GB/32GB/64GB Black/White Fully unlocked rare ios 6,$38.02to$66.02,No rating
BRAND NEW Samsung Galaxy A15 5G - 64GB - Black (T-Mobile) ONLY,$99.99,No rating
[Mint] KYOCERA 902KC/903KC DIGNO KEITAI 3 Android Flip Phone pink Unlocked,$199.00,No rating
Apple iPhone SE 1st gen(2016)16/32/64/128GB Fully UNLOCKED Gray/Silver/Gold/Pink,$65.96to$115.96,No rating
Flip Phone Logic Z1L 4G LTE Unlocked Desbloqueado Dual Sim Camera Bluetooth New,$44.99,No rating
For i16Pro Mini Unlocked Flip Mobile Phone 2 SIM Card Small Display Foldable New,$35.25,No rating
KYOCERA 701KC Black DIGNO KEITAI 2 Android Flip Phone Black SIM Unlocked Japan,$51.79,No rating
Motorola RAZR Boost Mobile 5G 2024 256GB (Brand new-Sealed) Koala Grey,$289.99,No rating
ALT MIVE Style Folder 32GB AT-M120 Unlocked LTE/3G - Whtie,$188.00,No rating
H5169Z Docomo Foma P-01B Panasonic Flip Phone/Mobile Phone/Panasonic/ Simple Op,$87.68,No rating
Sealed Grade A+Apple iPhone 4s 32GB Black/White Fully Unlocked(any carrier)3.5'',$46.92to$51.92,No rating
Apple iPhone 16 A3081 Unlocked 128GB Ultramarine Excellent,$739.99,No rating
PINK SHARP SH-01J AQUOS KEITAI 2 JAPAN ANDROID FLIP PHONE UNLOCKED 601SH,$135.99,No rating
New Sealed Samsung Galaxy S21 FE 6.4‚Äù 5G 128GB 6GB Verizon SM-G990UZAAVZW,$199.99,No rating
Original New Nokia Lumia 1020 32GB 41MP Dual Core 4G Unlocked Windows Smartphone,$79.98,No rating
PHONE 2024 Android Cheap Cell Phone Unlocked Smartphone Dual SIM Quad Core GPS,$59.99,No rating
"HTC One M8, Glacial Silver 32GB (AT&T) Sealed Brand New In Box",$61.99,No rating
KYOCERA 902KC DIGNO KEITAI 3 ANDROID FLIP PHONE Silver UNLOCKED Sim Free From JP,$112.48,No rating
Samsung Galaxy Note 9  128GB SM-N960U1  - Brand New,$199.00,No rating
Apple iPhone SE (3rd Generation) 64GB Unlocked - Excellent,$174.99,No rating
